timestamp,ax,ay,az,gx,gy,gz,speed,impact,duration,power,efficiency,acc_mag,gyro_mag,peak_acc,peak_gyro,energy,ml_swing,stroke_type,final_prediction
53759,0.05,0.08,-2.25,71.43,7.32,-44.44,48.81,35.93,0.42,1753.7433,85.54741536329676,48.81,35.93,58.572,39.523,736.572186,MEDIUM,DRIVE,MEDIUM
60088,0.31,0.41,-1.82,161.31,-144.54,-18.16,53.16,38.69,0.36,2056.7603999999997,107.47192368910088,53.16,38.69,63.791999999999994,42.559,740.4337439999998,STRONG,SMASH,STRONG
61947,-0.25,0.5,-1.68,208.79,-162.54,-3.58,50.55,38.0,0.43,1920.8999999999999,88.37188750723836,50.55,38.0,60.66,41.800000000000004,825.987,MEDIUM,SMASH,MEDIUM
63432,0.44,0.39,-0.9,126.7,-118.98,-11.33,46.72,41.67,0.37,1946.8224,112.62131723968315,46.72,41.67,56.064,45.837,720.324288,MEDIUM,SMASH,MEDIUM
65003,-0.22,-0.13,-2.3,65.71,-119.79,29.06,50.55,36.91,0.42,1865.8004999999998,87.88074314108776,50.55,36.91,60.66,40.601,783.6362099999999,MEDIUM,SMASH,MEDIUM
70198,0.19,0.61,-1.2,161.74,-87.79,-0.56,53.16,37.89,0.98,2014.2323999999999,38.663225853851166,53.16,37.89,63.791999999999994,41.679,1973.9477519999998,MEDIUM,SMASH,MEDIUM
71715,-0.38,-0.39,-1.77,84.3,-100.77,-39.85,53.16,37.17,0.46,1975.9572,80.80417216484312,53.16,37.17,63.791999999999994,40.88700000000001,908.9403120000001,MEDIUM,SMASH,MEDIUM
77009,0.0,0.1,-2.16,69.44,-73.02,-18.92,53.16,37.59,0.44,1998.2844,85.43162401903633,53.16,37.59,63.791999999999994,41.349000000000004,879.245136,MEDIUM,SMASH,MEDIUM
78581,-0.56,-0.06,-1.89,38.55,-105.16,-22.09,53.16,38.99,0.48,2072.7084,81.22899743958868,53.16,38.99,63.791999999999994,42.889,994.900032,MEDIUM,SMASH,STRONG
80996,0.44,0.51,-1.96,72.53,10.54,-16.19,51.8,38.24,0.55,1980.832,69.52714631427942,51.8,38.24,62.16,42.06400000000001,1089.4576000000002,MEDIUM,SMASH,MEDIUM
82203,-0.41,0.29,-0.99,188.78,-69.78,187.99,53.16,34.54,0.4,1836.1463999999999,86.34978412553968,53.16,34.54,63.791999999999994,37.994,734.45856,MEDIUM,SMASH,MEDIUM
84261,-0.18,0.32,-2.18,33.97,-209.0,-20.45,47.69,37.31,0.52,1779.3139,71.74986201949612,47.69,37.31,57.227999999999994,41.041000000000004,925.243228,MEDIUM,SMASH,MEDIUM
86425,0.17,0.31,-2.06,91.74,-99.36,-26.71,51.53,36.49,0.47,1880.3297000000002,77.63813268482409,51.53,36.49,61.836,40.139,883.7549590000001,MEDIUM,SMASH,MEDIUM
88091,-0.6,-0.09,-1.43,118.78,-78.62,46.34,50.55,38.73,0.35,1957.8014999999998,110.65682669478088,50.55,38.73,60.66,42.603,685.230525,MEDIUM,SMASH,MEDIUM
90030,0.7,0.05,-1.52,103.45,-83.92,92.8,51.8,38.88,0.83,2013.984,46.843317056244516,51.8,38.88,62.16,42.76800000000001,1671.6067199999998,MEDIUM,CLEAR,MEDIUM
93484,-0.05,-0.63,0.25,9.15,11.71,21.3,42.8,33.0,2.22,1412.3999999999999,14.864858168982805,42.8,33.0,51.35999999999999,36.300000000000004,3135.528,MEDIUM,DROP,WEAK
94253,0.1,0.13,-2.51,19.93,-54.66,14.44,34.04,31.58,0.37,1074.9832,85.35112067264683,34.04,31.58,40.848,34.738,397.74378399999995,WEAK,CLEAR,WEAK
96036,0.22,-0.51,-1.09,-93.55,-23.23,-13.13,35.71,26.52,0.44,947.0292000000001,60.272590289567525,35.71,26.52,42.852,29.172,416.692848,WEAK,DROP,WEAK
97744,-0.01,0.07,-1.12,-157.59,-20.25,-109.27,34.68,18.07,0.45,626.6676,40.155466321185955,34.68,18.07,41.616,19.877000000000002,282.00042,WEAK,CLEAR,WEAK
99553,0.26,-0.06,-1.1,-149.36,-9.29,-52.41,35.01,19.9,0.35,696.699,56.85698040862741,35.01,19.9,42.01199999999999,21.89,243.84464999999997,WEAK,CLEAR,WEAK
104727,-0.16,-0.6,-1.77,13.16,-58.17,5.09,32.25,20.16,0.24,650.16,83.99965000145833,32.25,20.16,38.699999999999996,22.176000000000002,156.0384,WEAK,DROP,WEAK
106726,-0.18,-0.68,-0.02,-175.51,-20.06,3.98,21.2,16.8,1.35,356.16,12.444435226344277,21.2,16.8,25.439999999999998,18.480000000000004,480.8160000000001,WEAK,DROP,WEAK
110148,0.46,0.18,-2.34,6.9,-70.5,9.48,39.98,33.12,0.55,1324.1375999999998,60.21807233077757,39.98,33.12,47.97599999999999,36.432,728.27568,MEDIUM,CLEAR,WEAK
112394,0.34,-0.09,-2.2,-23.07,-7.94,-31.03,46.81,34.28,0.48,1604.6468000000002,71.41651788225442,46.81,34.28,56.172000000000004,37.708000000000006,770.2304640000001,MEDIUM,DROP,MEDIUM
114403,-0.24,0.21,-2.41,75.46,-31.5,-23.12,39.66,34.06,0.48,1350.8196,70.95818550378021,39.66,34.06,47.59199999999999,37.46600000000001,648.393408,MEDIUM,CLEAR,WEAK
116767,0.55,0.38,-1.92,88.42,-20.01,-1.98,50.19,34.17,0.61,1714.9923000000001,56.01630161262031,50.19,34.17,60.227999999999994,37.587,1046.145303,MEDIUM,CLEAR,MEDIUM
118794,0.42,0.53,-1.79,100.31,-57.74,-0.78,44.79,33.31,0.43,1491.9549000000002,77.46493612805553,44.79,33.31,53.748,36.641000000000005,641.540607,MEDIUM,CLEAR,MEDIUM
121143,0.26,0.55,-1.94,90.56,-42.83,-4.64,44.49,32.86,0.43,1461.9414,76.41842693389086,44.49,32.86,53.388,36.146,628.6348019999999,MEDIUM,CLEAR,MEDIUM
123215,0.62,0.31,-1.5,58.91,-31.62,3.19,46.38,34.91,0.47,1619.1258,74.276437709707,46.38,34.91,55.656,38.400999999999996,760.9891259999999,MEDIUM,CLEAR,MEDIUM
125118,-0.14,-0.1,-1.73,129.92,-159.63,211.04,53.16,35.96,0.53,1911.6336,67.84892858692719,53.16,35.96,63.791999999999994,39.556000000000004,1013.165808,MEDIUM,SMASH,MEDIUM
127468,-0.05,0.37,-2.28,61.0,-33.1,-26.27,43.74,32.61,0.46,1426.3614,70.89115023662993,43.74,32.61,52.488,35.871,656.126244,MEDIUM,CLEAR,WEAK
130935,0.19,-0.43,-0.2,179.43,-11.78,-1.27,53.16,34.63,1.87,1840.9308,18.51870667448841,53.16,34.63,63.791999999999994,38.093,3442.5405960000003,MEDIUM,DROP,MEDIUM
132125,0.52,0.47,-1.69,84.36,-16.64,8.34,45.67,35.28,0.5,1611.2376000000002,70.55985888028223,45.67,35.28,54.804,38.80800000000001,805.6188000000001,MEDIUM,CLEAR,MEDIUM
134242,-0.41,0.11,-2.25,55.59,-14.3,-41.72,42.15,34.58,0.46,1457.5469999999998,75.17374962228342,42.15,34.58,50.58,38.038000000000004,670.4716199999999,MEDIUM,CLEAR,MEDIUM
135896,0.38,0.29,-2.07,16.35,-175.67,241.26,42.31,29.69,0.41,1256.1839000000002,72.41445752571336,42.31,29.69,50.772,32.659000000000006,515.0353990000001,MEDIUM,CLEAR,WEAK
137264,0.07,-0.64,-0.24,96.04,19.04,7.42,16.54,15.47,0.55,255.8738,28.12722158686984,16.54,15.47,19.848,17.017000000000003,140.73059,WEAK,DROP,WEAK
138716,0.24,0.05,-2.36,57.88,-94.08,-17.87,39.7,33.71,0.42,1338.287,80.26171366258653,39.7,33.71,47.64,37.081,562.08054,MEDIUM,CLEAR,WEAK
141168,0.43,0.16,-2.18,47.75,-63.75,-42.88,44.1,34.39,0.45,1516.5990000000002,76.42205239543912,44.1,34.39,52.92,37.829,682.4695500000001,MEDIUM,DROP,MEDIUM
143387,0.38,-0.43,-1.69,28.0,-72.69,-15.35,53.16,38.6,0.42,2051.976,91.90454308442123,53.16,38.6,63.791999999999994,42.46000000000001,861.82992,MEDIUM,SMASH,STRONG
152203,-0.42,0.07,-2.03,52.93,-66.26,-13.39,53.16,38.39,0.4,2040.8123999999998,95.97476006309985,53.16,38.39,63.791999999999994,42.229000000000006,816.3249599999999,MEDIUM,SMASH,STRONG
154909,0.0,0.55,-2.18,92.65,-55.27,-19.35,45.63,34.74,0.55,1585.1862,63.163521520869956,45.63,34.74,54.756,38.214000000000006,871.8524100000001,MEDIUM,CLEAR,MEDIUM
156527,0.34,-0.34,-1.63,-41.82,-57.21,-29.64,51.8,32.15,0.54,1665.37,59.53692678346891,51.8,32.15,62.16,35.365,899.2998,MEDIUM,DROP,MEDIUM
158610,0.38,-0.36,-1.47,-16.02,-57.21,1.06,43.9,27.62,0.5,1212.518,55.239889520220956,43.9,27.62,52.68,30.382000000000005,606.259,MEDIUM,DROP,WEAK
160602,0.09,-0.57,-1.25,-18.29,-80.76,20.8,53.16,37.39,0.41,1987.6524,91.19489952463532,53.16,37.39,63.791999999999994,41.129000000000005,814.9374839999999,MEDIUM,SMASH,MEDIUM
162357,0.08,-0.6,-1.62,-3.94,-22.43,-26.99,53.16,37.64,0.52,2000.9424,72.38447618369965,53.16,37.64,63.791999999999994,41.404,1040.490048,MEDIUM,SMASH,MEDIUM
164237,-0.48,-0.4,-1.38,47.06,-95.66,-3.29,53.16,38.66,0.37,2055.1656,104.4862040913403,53.16,38.66,63.791999999999994,42.525999999999996,760.4112719999999,STRONG,SMASH,STRONG
165732,-0.5,-0.34,-0.53,-19.91,65.12,-99.07,49.66,35.78,0.48,1776.8347999999999,74.54151137185131,49.66,35.78,59.59199999999999,39.358000000000004,852.8807039999999,MEDIUM,DROP,MEDIUM
167505,0.16,0.47,-2.23,123.89,-93.46,-27.58,42.9,35.79,0.47,1535.3909999999998,76.14877415154436,42.9,35.79,51.48,39.369,721.6337699999999,MEDIUM,CLEAR,MEDIUM
169378,0.35,-0.4,-1.93,47.57,-33.12,16.13,51.8,36.02,0.52,1865.836,69.26909755942776,51.8,36.02,62.16,39.62200000000001,970.23472,MEDIUM,DROP,MEDIUM
170729,-0.57,-0.15,-1.29,103.42,-98.88,22.56,53.16,36.54,0.37,1942.4663999999998,98.75648984732474,53.16,36.54,63.791999999999994,40.194,718.7125679999999,MEDIUM,SMASH,MEDIUM
172186,0.01,-0.19,-1.26,115.42,-121.0,12.59,53.16,37.77,0.36,2007.8532,104.91637523229105,53.16,37.77,63.791999999999994,41.547000000000004,722.827152,STRONG,SMASH,MEDIUM
173965,-0.17,-0.13,-2.14,71.39,-147.37,5.27,50.29,36.94,0.54,1857.7125999999998,68.4072807272579,50.29,36.94,60.348,40.634,1003.164804,MEDIUM,SMASH,MEDIUM
175850,-0.08,-0.38,-1.87,37.71,-86.27,9.38,51.8,37.09,0.44,1921.2620000000002,84.29526296531145,51.8,37.09,62.16,40.79900000000001,845.3552800000001,MEDIUM,SMASH,MEDIUM
177520,-0.41,-0.57,-0.39,-32.05,4.66,-15.41,53.16,32.88,0.53,1747.9008000000001,62.037618796945665,53.16,32.88,63.791999999999994,36.168000000000006,926.3874240000001,MEDIUM,DROP,MEDIUM
179722,0.1,-0.58,0.29,-58.43,4.95,-24.01,52.63,35.94,0.51,1891.5221999999999,70.47045005794105,52.63,35.94,63.156,39.534,964.6763219999999,MEDIUM,DROP,MEDIUM
180710,0.0,-0.06,0.0,200.39,44.16,-108.95,32.72,15.18,0.2,496.6896,75.89962050189749,32.72,15.18,39.263999999999996,16.698,99.33792,WEAK,DROP,WEAK
181580,0.1,-0.06,-2.2,-13.48,3.33,-16.57,51.8,35.18,0.46,1822.3239999999998,76.4780946128378,51.8,35.18,62.16,38.698,838.26904,MEDIUM,DROP,MEDIUM
183644,0.41,-0.5,-0.47,-45.96,43.51,-3.53,51.8,39.37,0.33,2039.3659999999998,119.30266877979157,51.8,39.37,62.16,43.307,672.99078,MEDIUM,DROP,STRONG
185752,0.42,0.04,-2.04,41.15,-33.84,27.2,51.8,40.43,0.46,2094.274,87.89111328018852,51.8,40.43,62.16,44.473000000000006,963.36604,MEDIUM,SMASH,STRONG
187513,0.42,-0.21,-0.75,115.67,-144.09,-16.27,51.8,38.84,0.34,2011.912,114.2349581324761,51.8,38.84,62.16,42.724000000000004,684.0500800000001,MEDIUM,SMASH,MEDIUM
190684,0.3,-0.55,-0.25,175.07,-47.4,-52.49,53.16,37.57,1.9,1997.2212,19.77367380332958,53.16,37.57,63.791999999999994,41.327000000000005,3794.7202799999995,MEDIUM,DROP,MEDIUM
191765,0.46,0.46,-1.74,84.23,-95.52,-3.14,46.17,33.83,0.61,1561.9311,55.45892547717134,46.17,33.83,55.404,37.213,952.777971,MEDIUM,CLEAR,MEDIUM
194713,-0.26,-0.45,-1.18,103.52,-105.39,-22.46,54.35,38.31,0.42,2082.1485000000002,91.21406853793206,54.35,38.31,65.22,42.141000000000005,874.50237,MEDIUM,SMASH,STRONG
196552,0.46,0.19,-1.85,48.08,-59.26,39.11,53.16,39.19,0.46,2083.3403999999996,85.19546696637616,53.16,39.19,63.791999999999994,43.109,958.3365839999999,STRONG,SMASH,STRONG
198207,-0.15,-0.59,-1.27,85.88,-149.98,0.32,53.16,38.12,0.39,2026.4591999999998,97.74333911964328,53.16,38.12,63.791999999999994,41.932,790.319088,MEDIUM,SMASH,STRONG
199792,0.26,-0.34,-1.19,112.12,-154.59,-14.22,53.16,36.91,0.42,1962.1355999999996,87.88074314108776,53.16,36.91,63.791999999999994,40.601,824.0969519999998,MEDIUM,SMASH,MEDIUM
201213,-0.21,-0.53,-0.86,71.96,-170.42,-16.88,52.69,37.11,0.43,1955.3258999999998,86.30212487877935,52.69,37.11,63.227999999999994,40.821000000000005,840.790137,MEDIUM,SMASH,MEDIUM
202843,0.59,-0.0,-1.05,146.75,-265.19,-23.21,53.16,39.34,0.33,2091.3144,119.21175996436376,53.16,39.34,63.791999999999994,43.27400000000001,690.1337520000001,STRONG,SMASH,STRONG
204345,-0.27,0.16,-1.37,138.71,-113.79,16.19,44.84,32.88,0.4,1474.3392000000001,82.19979450051376,44.84,32.88,53.808,36.168000000000006,589.7356800000001,MEDIUM,CLEAR,MEDIUM
207126,-0.47,-0.51,-0.69,-99.12,15.18,17.93,43.49,38.49,1.31,1673.9301000000003,29.38165696056721,43.49,38.49,52.188,42.339000000000006,2192.8484310000003,MEDIUM,DROP,MEDIUM
208292,-0.45,0.3,-0.17,-191.52,109.76,-83.79,51.63,36.95,0.36,1907.7285000000002,102.63860378165619,51.63,36.95,61.956,40.645,686.7822600000001,MEDIUM,DROP,MEDIUM
210440,-0.39,-0.19,-0.08,5.76,-4.61,-90.75,44.47,37.12,0.39,1650.7263999999998,95.17924313014582,44.47,37.12,53.364,40.832,643.783296,MEDIUM,DROP,MEDIUM
212147,-0.51,-0.2,-1.51,-11.24,-128.59,-7.01,52.04,37.23,0.47,1937.4491999999998,79.2125974200055,52.04,37.23,62.44799999999999,40.953,910.6011239999998,MEDIUM,SMASH,MEDIUM
213522,-0.16,-0.11,-0.91,62.59,-73.14,57.45,47.64,34.99,0.29,1666.9236,120.65475636290913,47.64,34.99,57.168,38.489000000000004,483.407844,MEDIUM,CLEAR,MEDIUM
215177,-0.28,0.02,-1.27,49.93,-83.6,60.02,47.55,32.73,0.33,1556.3114999999998,99.18151763176475,47.55,32.73,57.059999999999995,36.003,513.5827949999999,MEDIUM,DROP,MEDIUM
216646,-0.05,0.5,-1.05,-71.23,65.11,47.49,50.61,39.32,0.35,1989.9852,112.3425361641824,50.61,39.32,60.732,43.252,696.49482,MEDIUM,SMASH,MEDIUM
218243,0.08,-0.41,-2.05,29.17,-80.67,45.25,51.8,35.96,0.54,1862.7279999999998,66.59246927320504,51.8,35.96,62.16,39.556000000000004,1005.87312,MEDIUM,DROP,MEDIUM
219974,0.26,0.6,-1.49,109.32,-88.91,-17.17,51.8,36.83,0.62,1907.7939999999999,59.40312999495161,51.8,36.83,62.16,40.513,1182.8322799999999,MEDIUM,SMASH,MEDIUM
221787,0.52,0.44,-1.5,123.82,-14.26,-44.2,53.39,36.54,0.62,1950.8706,58.935388813889006,53.39,36.54,64.068,40.194,1209.539772,MEDIUM,SMASH,MEDIUM
223342,0.4,0.54,-1.2,128.03,-60.85,-69.65,51.8,36.77,0.47,1904.6860000000001,78.23387609813598,51.8,36.77,62.16,40.44700000000001,895.2024200000001,MEDIUM,SMASH,MEDIUM
225411,-0.34,0.39,-0.93,25.33,-36.05,-74.12,50.55,37.53,0.39,1897.1415,96.23052248583978,50.55,37.53,60.66,41.283,739.885185,MEDIUM,SMASH,MEDIUM
228068,0.02,-0.36,-1.29,98.36,-95.29,-0.18,53.16,37.64,0.39,2000.9424,96.5125730446845,53.16,37.64,63.791999999999994,41.404,780.367536,MEDIUM,SMASH,MEDIUM
229501,-0.2,0.3,-0.64,-253.32,200.35,-130.78,52.31,36.13,0.27,1889.9603000000002,133.81431920622518,52.31,36.13,62.772,39.74300000000001,510.2892810000001,MEDIUM,DROP,MEDIUM
230989,-0.41,0.15,-0.28,-205.45,151.86,-82.98,52.31,36.19,0.34,1893.0989,106.44086340922526,52.31,36.19,62.772,39.809,643.653626,MEDIUM,DROP,MEDIUM
232769,-0.65,0.21,-1.48,58.57,-11.98,-71.74,52.38,40.18,0.54,2104.6284,74.40726961616737,52.38,40.18,62.856,44.198,1136.499336,MEDIUM,SMASH,STRONG
233953,-0.05,0.14,-0.18,-156.31,191.43,-120.72,53.52,40.53,0.29,2169.1656000000003,139.75813876503878,53.52,40.53,64.224,44.583000000000006,629.058024,STRONG,DROP,STRONG
236130,0.09,-0.53,-0.13,147.63,41.47,-45.09,51.8,36.66,1.15,1898.9879999999998,31.87823314936248,51.8,36.66,62.16,40.326,2183.8361999999997,MEDIUM,DROP,MEDIUM
237008,0.15,-0.57,-1.44,8.1,-86.87,8.13,51.8,39.04,0.4,2022.272,97.59975600061,51.8,39.04,62.16,42.944,808.9088,MEDIUM,SMASH,STRONG
238560,0.27,-0.5,-1.25,109.0,-147.56,-15.04,53.16,36.9,0.4,1961.6039999999998,92.24976937557656,53.16,36.9,63.791999999999994,40.59,784.6415999999999,MEDIUM,SMASH,MEDIUM
240137,-0.17,-0.56,-0.82,91.07,-28.87,3.11,54.35,38.89,0.43,2113.6715,90.44165013569737,54.35,38.89,65.22,42.779,908.878745,STRONG,SMASH,STRONG
242486,-0.12,-0.52,-0.34,94.27,44.44,65.52,52.31,39.04,1.25,2042.1824000000001,31.23197501441999,52.31,39.04,62.772,42.944,2552.728,MEDIUM,DROP,STRONG
244614,0.48,-0.49,-0.52,111.98,231.35,-71.68,51.95,36.44,1.64,1893.058,22.219498646647168,51.95,36.44,62.34,40.084,3104.61512,MEDIUM,DROP,MEDIUM
245271,-0.14,-0.53,-1.33,47.59,-79.9,-19.39,52.63,38.47,0.26,2024.6761000000001,147.960969380887,52.63,38.47,63.156,42.317,526.415786,MEDIUM,DROP,STRONG
246776,0.06,-0.14,-0.4,-119.16,106.79,-144.2,52.31,39.58,0.4,2070.4298,98.94975262561843,52.31,39.58,62.772,43.538000000000004,828.17192,MEDIUM,DROP,STRONG
249806,0.15,-0.64,-0.24,140.75,-19.26,-7.36,53.52,40.14,1.61,2148.2928,24.931661533129482,53.52,40.14,64.224,44.154,3458.7514080000005,STRONG,DROP,STRONG
250758,0.3,0.19,-2.15,22.85,25.15,-21.12,41.96,35.38,0.44,1484.5448000000001,80.40890816157237,41.96,35.38,50.352,38.918000000000006,653.1997120000001,MEDIUM,CLEAR,MEDIUM
252258,-0.16,-0.05,-0.3,-123.21,23.73,-98.65,52.31,38.69,0.34,2023.8739,113.79378295946188,52.31,38.69,62.772,42.559,688.1171260000001,MEDIUM,DROP,STRONG
254260,0.17,0.21,-2.2,-4.36,32.79,-21.71,51.8,35.79,0.45,1853.9219999999998,79.53315659298535,51.8,35.79,62.16,39.369,834.2648999999999,MEDIUM,DROP,MEDIUM
255852,0.37,-0.49,-1.24,16.94,-70.88,22.35,45.89,29.24,0.58,1341.8236,50.4137061832652,45.89,29.24,55.068,32.164,778.2576879999999,MEDIUM,DROP,WEAK
257311,-0.21,0.48,0.25,66.54,50.73,-123.29,28.56,15.89,0.39,453.8184,40.743485273114686,28.56,15.89,34.272,17.479000000000003,176.98917600000001,WEAK,DROP,WEAK
257919,-0.21,-0.57,-1.17,-13.4,-34.02,13.74,33.4,21.22,0.21,708.7479999999999,101.04713787077205,33.4,21.22,40.08,23.342000000000002,148.83708,WEAK,DROP,WEAK
260556,0.14,0.01,-1.76,-10.0,185.68,-15.94,28.47,20.49,0.2,583.3503,102.44948775256123,28.47,20.49,34.163999999999994,22.539,116.67005999999999,WEAK,DROP,WEAK
