swing_count,timestamp,start_time,end_time,duration,ax,ay,az,gx,gy,gz,speed,impact,int_flag
1,3491,2831,3491,660,0.09,0.79,-0.87,-98.09,-28.52,0.42,60.43,100.78,0
2,5159,4624,5159,535,0.03,0.71,-0.91,-93.58,-5.05,19.69,62.53,82.69,0
3,6602,5992,6602,610,0.14,0.84,-0.82,-39.73,-17.79,37.86,72.4,86.18,0
4,8193,7735,8193,458,-0.09,0.9,-0.84,-43.76,-10.78,51.09,65.68,80.25,0
5,9672,9024,9672,648,0.2,0.87,-0.66,-48.76,-17.92,63.05,79.03,87.53,0
7,13739,13131,13739,608,0.06,0.74,-0.9,-92.11,0.5,-1.77,59.75,85.9,0
8,15313,14684,15313,629,-0.15,0.92,-0.45,-57.66,14.16,29.69,68.4,88.57,0
9,16908,16248,16908,660,0.12,0.84,-0.48,-35.53,45.01,25.61,68.36,86.48,0
10,18286,17733,18286,553,0.3,0.78,-0.87,-37.48,46.96,1.46,57.88,81.32,0
11,19668,19111,19668,557,0.08,0.79,-0.9,-38.7,2.33,57.25,71.78,87.27,0
12,20985,20495,20985,490,-0.23,0.91,-0.49,-52.72,-9.13,18.11,61.17,90.06,0
13,22280,21809,22280,471,0.09,0.81,-0.82,-54.73,20.8,30.97,72.03,82.76,0
16,32544,31973,32544,571,0.56,0.97,-0.71,-35.95,-20.96,12.07,43.78,112.94,0
18,36787,36057,36787,730,0.35,0.44,1.08,36.12,-13.34,-24.82,64.79,100.89,0
19,38524,37860,38524,664,0.54,-0.13,-1.38,-30.34,19.22,-0.06,72.44,80.24,0
20,39790,39120,39790,670,0.23,0.47,0.9,-21.62,-10.23,-31.28,67.41,94.75,0
