swing_count,timestamp,start_time,end_time,duration,ax,ay,az,gx,gy,gz,speed,impact,int_flag,power,efficiency,acc_mag,gyro_mag,peak_acc,peak_gyro,energy,ml_swing,stroke_type,final_prediction
3,5958,5445,5958,513,0.51,0.96,0.18,-31.73,-26.6,13.61,19.72,96.64,1,1905.7407999999998,0.18838206590958662,19.72,96.64,23.663999999999998,106.30400000000002,977645.0303999999,STRONG,CLEAR,MEDIUM
4,6829,6576,6829,253,0.19,0.86,0.31,22.84,-79.95,-48.89,21.19,90.0,1,1907.1000000000001,0.3557312238903904,21.19,90.0,25.428,99.00000000000001,482496.30000000005,STRONG,CLEAR,MEDIUM
5,7811,7413,7811,398,0.38,0.73,0.24,-128.8,86.82,-36.51,26.85,137.54,1,3692.949,0.34557788857895,26.85,137.54,32.22,151.294,1469793.702,STRONG,CLEAR,STRONG
6,8860,8326,8860,534,0.7,0.78,0.1,-59.35,-195.38,-28.53,18.16,102.02,1,1852.6832,0.1910486887808077,18.16,102.02,21.791999999999998,112.22200000000001,989332.8288,STRONG,CLEAR,MEDIUM
7,9896,9321,9896,575,0.43,0.65,0.28,-107.22,61.03,-46.82,50.09,103.68,1,5193.3312000000005,0.18031304316467298,50.09,103.68,60.108000000000004,114.04800000000002,2986165.4400000004,STRONG,SMASH,STRONG
8,15277,14787,15277,490,0.58,0.73,0.38,-86.67,-11.35,-43.53,60.08,95.35,1,5728.628,0.19459183633756766,60.08,95.35,72.09599999999999,104.885,2807027.7199999997,STRONG,SMASH,STRONG
9,16236,15789,16236,447,0.67,0.55,0.06,-140.02,-23.67,-31.94,24.79,119.69,1,2967.1151,0.26776286293565355,24.79,119.69,29.747999999999998,131.65900000000002,1326300.4497,STRONG,CLEAR,MEDIUM
10,17403,16931,17403,472,0.25,0.76,0.31,-48.8,-16.66,-63.1,58.86,151.52,1,8918.467200000001,0.32101694847242174,58.86,151.52,70.63199999999999,166.67200000000003,4209516.5184,STRONG,SMASH,STRONG
11,18541,18159,18541,382,0.14,0.69,0.42,-45.81,-118.06,-97.25,21.63,89.84,1,1943.2392,0.2351832454576355,21.63,89.84,25.956,98.82400000000001,742317.3744,STRONG,CLEAR,MEDIUM
12,19818,19487,19818,331,0.41,0.66,0.11,-144.41,-0.01,13.06,19.12,99.79,1,1907.9848000000002,0.3014803616269476,19.12,99.79,22.944,109.76900000000002,631542.9688,STRONG,CLEAR,MEDIUM
13,21090,20723,21090,367,0.63,0.53,0.2,-139.72,-132.27,-22.67,57.78,105.31,1,6084.8118,0.2869482281009585,57.78,105.31,69.336,115.84100000000001,2233125.9306,STRONG,SMASH,STRONG
14,22124,21846,22124,278,0.63,0.82,0.48,-80.75,-97.08,-17.37,11.01,58.19,1,640.6718999999999,0.20931654600965272,11.01,58.19,13.212,64.009,178106.78819999998,WEAK,DROP,WEAK
15,24383,23982,24383,401,0.43,0.42,0.12,-156.0,-10.25,-69.14,29.19,115.73,1,3378.1587000000004,0.288603490552111,29.19,115.73,35.028,127.30300000000001,1354641.6387000002,STRONG,CLEAR,STRONG
16,25482,25235,25482,247,0.25,0.12,0.7,-165.45,13.83,-120.23,35.89,108.09,1,3879.3501,0.4376113342606829,35.89,108.09,43.068,118.89900000000002,958199.4747,STRONG,CLEAR,STRONG
17,26745,26516,26745,229,0.48,0.65,-0.03,-149.96,-87.08,16.35,16.18,66.41,1,1074.5138,0.2899999987336245,16.18,66.41,19.416,73.051,246063.66019999998,STRONG,CLEAR,WEAK
18,27990,27417,27990,573,0.57,0.62,0.63,-2.28,-27.51,12.33,22.21,69.76,1,1549.3696000000002,0.12174520048561048,22.21,69.76,26.652,76.73600000000002,887788.7808000002,STRONG,CLEAR,MEDIUM
19,28944,28424,28944,520,0.2,0.76,0.12,-29.29,-20.68,-43.71,60.65,103.82,1,6296.682999999999,0.19965384576989645,60.65,103.82,72.78,114.202,3274275.1599999997,STRONG,SMASH,STRONG
20,29865,29312,29865,553,0.24,0.71,0.51,-25.88,-16.47,-41.76,28.07,115.28,1,3235.9096,0.20846292909862038,28.07,115.28,33.684,126.808,1789458.0088,STRONG,CLEAR,MEDIUM
21,30791,30210,30791,581,0.24,0.71,0.21,-13.5,-32.02,-22.37,45.69,139.99,1,6396.1431,0.24094664330301785,45.69,139.99,54.827999999999996,153.98900000000003,3716159.1411,STRONG,SMASH,STRONG
22,31652,31099,31652,553,0.07,0.77,0.24,-26.12,-34.1,-31.21,61.1,107.55,1,6571.305,0.19448462894306576,61.1,107.55,73.32,118.305,3633931.665,STRONG,SMASH,STRONG
23,32488,31909,32488,579,0.14,0.73,0.22,3.88,6.03,6.17,26.72,123.19,1,3291.6367999999998,0.21276338477933784,26.72,123.19,32.064,135.50900000000001,1905857.7071999998,STRONG,CLEAR,MEDIUM
24,33418,32817,33418,601,0.08,0.61,0.45,-8.56,-32.45,-14.87,31.7,97.55,1,3092.335,0.16231281170996203,31.7,97.55,38.04,107.305,1858493.335,STRONG,CLEAR,MEDIUM
25,34378,33813,34378,565,-0.02,0.59,0.73,-8.19,-12.08,-18.16,33.1,94.23,1,3119.0130000000004,0.16677876076676326,33.1,94.23,39.72,103.653,1762242.3450000002,STRONG,CLEAR,MEDIUM
26,35294,34719,35294,575,0.02,0.55,0.74,-9.47,42.12,-25.48,20.39,105.25,1,2146.0475,0.1830434779425331,20.39,105.25,24.468,115.775,1233977.3125,STRONG,CLEAR,MEDIUM
28,37057,36642,37057,415,0.5,0.33,0.94,-186.97,-72.63,-76.27,30.11,122.23,1,3680.3453,0.2945301197722166,30.11,122.23,36.132,134.453,1527343.2995,STRONG,CLEAR,STRONG
29,38245,37721,38245,524,0.28,0.36,0.96,-128.19,-73.06,-55.84,26.32,112.3,1,2955.736,0.2143129766902424,26.32,112.3,31.584,123.53,1548805.6639999999,STRONG,CLEAR,MEDIUM
32,43877,43456,43877,421,0.56,0.84,0.25,-61.73,-58.36,7.57,30.39,135.49,1,4117.5411,0.32182897785788844,30.39,135.49,36.467999999999996,149.03900000000002,1733484.8031000001,STRONG,CLEAR,STRONG
34,45997,45477,45997,520,0.39,0.72,0.71,-54.11,4.32,-62.31,57.32,73.21,1,4196.397199999999,0.1407884612677145,57.32,73.21,68.78399999999999,80.531,2182126.5439999998,STRONG,SMASH,STRONG
35,46953,46579,46953,374,0.19,0.39,0.78,-122.89,-105.01,-41.09,19.58,112.54,1,2203.5332,0.30090909010452116,19.58,112.54,23.496,123.79400000000001,824121.4167999999,STRONG,CLEAR,MEDIUM
36,47986,47466,47986,520,0.23,0.6,0.38,-32.64,-89.58,-47.61,39.96,117.27,1,4686.1092,0.22551923033553994,39.96,117.27,47.952,128.997,2436776.784,STRONG,CLEAR,STRONG
37,48871,48369,48871,502,0.08,0.53,0.79,-96.0,-53.67,-56.21,38.88,129.45,1,5033.016,0.257868525382732,38.88,129.45,46.656,142.395,2526574.0319999997,STRONG,CLEAR,STRONG
38,50160,49619,50160,541,0.29,0.49,1.25,-52.28,-109.77,-18.4,15.91,76.92,1,1223.7972,0.14218114576306629,15.91,76.92,19.092,84.61200000000001,662074.2852,STRONG,CLEAR,WEAK
39,51144,50663,51144,481,0.39,-0.09,0.79,-160.94,-112.75,-205.66,32.54,113.85,1,3704.6789999999996,0.23669438620229857,32.54,113.85,39.047999999999995,125.235,1781950.599,STRONG,CLEAR,STRONG
40,52096,51699,52096,397,0.45,0.34,0.93,-95.08,-88.97,-93.1,22.16,93.87,1,2080.1592,0.2364483621248152,22.16,93.87,26.592,103.25700000000002,825823.2024000001,STRONG,CLEAR,MEDIUM
41,53003,52552,53003,451,0.28,0.56,-0.01,-170.81,-131.35,-51.33,26.51,138.39,1,3668.7189,0.306851440561305,26.51,138.39,31.812,152.22899999999998,1654592.2238999999,STRONG,CLEAR,STRONG
42,53948,53542,53948,406,0.21,0.32,0.85,-158.07,-93.0,-82.31,44.48,126.55,1,5628.9439999999995,0.31169950662142976,44.48,126.55,53.376,139.205,2285351.264,STRONG,CLEAR,STRONG
43,54878,54400,54878,478,0.12,0.5,0.37,-176.42,-57.57,-46.21,40.86,135.97,1,5555.7342,0.2844560663505103,40.86,135.97,49.032,149.567,2655640.9476,STRONG,CLEAR,STRONG
44,55844,55365,55844,479,0.34,0.4,0.47,-175.45,-59.7,-73.83,26.21,116.73,1,3059.4933,0.24369519782109564,26.21,116.73,31.451999999999998,128.40300000000002,1465497.2907,STRONG,CLEAR,MEDIUM
45,56832,56426,56832,406,0.28,0.31,0.79,-143.62,-73.36,-101.51,25.41,129.32,1,3286.0211999999997,0.31852216670314737,25.41,129.32,30.491999999999997,142.252,1334124.6072,STRONG,CLEAR,MEDIUM
46,57691,57234,57691,457,0.53,0.28,0.82,-157.89,-141.35,-86.33,18.92,99.12,1,1875.3504000000003,0.2168927785188342,18.92,99.12,22.704,109.03200000000001,857035.1328000001,STRONG,CLEAR,MEDIUM
47,58508,58092,58508,416,0.44,0.09,1.06,-128.62,-107.45,-139.93,31.97,128.62,1,4111.9814,0.3091826915644647,31.97,128.62,38.364,141.48200000000003,1710584.2624,STRONG,CLEAR,STRONG
48,60423,60023,60423,400,0.12,0.72,0.49,-81.79,-72.63,-73.4,51.22,125.26,1,6415.8172,0.313149999217125,51.22,125.26,61.464,137.78600000000003,2566326.8800000004,STRONG,SMASH,STRONG
49,61469,61022,61469,447,-0.07,0.52,-0.11,-199.35,-51.47,-34.32,50.19,134.16,1,6733.4904,0.3001342275164782,50.19,134.16,60.227999999999994,147.57600000000002,3009870.2087999997,STRONG,SMASH,STRONG
50,62452,61983,62452,469,0.06,0.67,0.91,-22.22,10.66,-35.6,60.9,118.53,1,7218.477,0.2527292105485518,60.9,118.53,73.08,130.383,3385465.713,STRONG,SMASH,STRONG
